id,name,type,description,usage_steps/0,usage_steps/1,usage_steps/2,usage_steps/3,usage_steps/4,safety_precautions/0,safety_precautions/1,maintenance/0,maintenance/1,common_errors/0,common_errors/1,keywords/0,keywords/1,keywords/2,keywords/3,department
ecg,ECG Machine,Diagnostic,Records the electrical activity of the heart to detect cardiac abnormalities.,Connect the machine to a power source.,"Attach electrodes to the patient's chest, arms, and legs.",Ensure the patient is relaxed and still.,Press 'Start' to begin recording.,Interpret the results displayed or printed.,Do not use with wet hands.,Check cables for damage before use.,Clean electrodes after each use.,Calibrate the machine monthly.,Leads not attached properly: Reattach and retry.,No signal: Check power and connections.,heart,monitor,arrhythmia,diagnostic,
defibrillator,Defibrillator,Therapeutic,Delivers an electric shock to the heart to restore normal rhythm during cardiac arrest.,Turn on the defibrillator.,Attach adhesive pads to the patient's bare chest.,Follow voice prompts or screen instructions.,Ensure no one is touching the patient.,Press the shock button when advised.,Do not use near water.,Ensure bystanders are clear before delivering shock.,Check battery and pads regularly.,Run self-test weekly.,Pads not sticking: Use new pads.,Device not powering on: Replace battery.,cardiac arrest,shock,emergency,AED,
pulse_oximeter,Pulse Oximeter,Monitoring,Measures blood oxygen saturation and pulse rate noninvasively.,Clean the sensor before use.,Clip the device onto the patient's fingertip.,Wait for the reading to stabilize.,Record SpO2 and pulse rate values.,,Do not use on wet or cold fingers.,Avoid strong ambient light.,Replace batteries as needed.,Clean sensor after each use.,No reading: Reposition the sensor.,Inaccurate reading: Warm the patient's hand.,oxygen,saturation,pulse,monitor,
infusion_pump,Infusion Pump,Therapeutic,"Delivers fluids, medication, or nutrients into a patient's circulatory system in controlled amounts.",Load the infusion set as per instructions.,Prime the tubing to remove air.,Set the desired infusion rate.,Connect to the patient's IV access.,Start the infusion and monitor for alarms.,Check for air bubbles before starting.,Ensure correct medication and dosage.,Clean the pump exterior regularly.,Check for software updates.,Occlusion alarm: Check tubing for kinks.,Low battery: Connect to power supply.,IV,medication,fluid,pump,
sphygmomanometer,Sphygmomanometer,Diagnostic,Measures blood pressure using an inflatable cuff and a pressure gauge.,Wrap the cuff around the patient's upper arm.,Inflate the cuff by squeezing the bulb.,Slowly release air and listen for Korotkoff sounds.,Read systolic and diastolic pressures from the gauge.,,Do not over-inflate the cuff.,Ensure the cuff is the correct size.,Check for leaks in the tubing.,Calibrate the gauge annually.,Inaccurate reading: Reposition the cuff.,No sound: Check stethoscope placement.,blood pressure,cuff,diagnostic,gauge,
ventilator,Ventilator,Life Support,Provides mechanical ventilation by moving breathable air into and out of the lungs.,Connect the ventilator to a power source and oxygen supply.,Set the required ventilation parameters.,Attach the breathing circuit to the patient.,Monitor patient and ventilator alarms continuously.,,Ensure all connections are secure.,Regularly check for blockages in the circuit.,Clean and sterilize reusable parts after each use.,Perform routine maintenance as per manufacturer guidelines.,Alarm sounds: Check patient and circuit.,Low pressure: Inspect for leaks.,respirator,breathing,ICU,life support,
glucometer,Glucometer,Diagnostic,Measures the approximate concentration of glucose in the blood.,Insert a test strip into the glucometer.,Prick the patient's finger with a lancet.,Apply a drop of blood to the test strip.,Wait for the reading to appear on the display.,,Use a new lancet for each test.,Dispose of used strips and lancets safely.,Keep the device clean and dry.,Replace batteries as needed.,Error code: Refer to manual.,Low battery: Replace batteries.,blood sugar,diabetes,test,diagnostic,
nebulizer,Nebulizer,Therapeutic,Converts liquid medication into a mist for inhalation to treat respiratory conditions.,Assemble the nebulizer and add prescribed medication.,Connect the mouthpiece or mask.,Turn on the device and inhale the mist until the medication is finished.,,,Clean the nebulizer after each use.,Do not share mouthpieces or masks.,Disinfect parts regularly.,Replace filters as recommended.,No mist: Check medication and connections.,Unusual noise: Inspect for blockages.,asthma,inhalation,respiratory,therapy,
syringe_pump,Syringe Pump,Therapeutic,Delivers small amounts of fluid at a controlled rate through a syringe.,Load the syringe into the pump.,Set the infusion rate and volume.,Connect to the patient's IV access.,Start the pump and monitor for alarms.,,Ensure correct syringe size is used.,Check for air bubbles before starting.,Clean the pump after each use.,Check for mechanical issues regularly.,Occlusion alarm: Check for blockages.,Low battery: Connect to power.,infusion,IV,fluid,pump,
thermometer,Digital Thermometer,Diagnostic,Measures body temperature quickly and accurately.,Turn on the thermometer.,"Place the probe under the tongue, armpit, or rectum as appropriate.",Wait for the beep indicating measurement is complete.,Read and record the temperature.,,Disinfect the probe after each use.,Do not immerse the device in water.,Replace batteries as needed.,Store in a dry place.,Low battery: Replace batteries.,Error reading: Ensure proper placement.,temperature,fever,diagnostic,measurement,
stethoscope,Stethoscope,Diagnostic,Used to listen to internal sounds such as heartbeats and lung sounds.,Place earpieces in ears.,Place diaphragm on patient’s chest.,Listen to heart and lungs.,,,Clean after each use.,Do not share without disinfecting.,Check tubing regularly.,Replace ear tips when worn.,Weak sound: Check diaphragm and tubing.,No sound: Replace parts.,auscultation,heart,lungs,doctor,Doctor
thermometer,Digital Thermometer,Diagnostic,Measures a patient's body temperature quickly and accurately.,Turn on device.,Place under tongue or armpit.,Wait for beep.,Read temperature.,,Sanitize between patients.,Avoid dropping the device.,Replace battery as needed.,Clean tip regularly.,Low battery: Replace.,Inaccurate reading: Calibrate or replace.,temperature,fever,nurse,monitor,Nurse
ecg_leads,ECG Lead Set,Accessory,Electrodes used to connect a patient to an ECG machine.,Attach leads to correct body positions.,Connect to ECG machine.,Ensure good contact.,,,Use disposable pads if available.,Check for allergic reactions.,Clean reusable leads.,Inspect wires regularly.,Poor contact: Reposition leads.,Broken wires: Replace lead set.,ECG,leads,technician,monitoring,Technician
demo_model,Anatomical Model,Educational,Used to demonstrate human anatomy for learning purposes.,Place model on a stable surface.,Identify and study body parts.,Use in group discussions.,,,Handle gently.,Do not force movable parts.,Clean surface regularly.,Store in dust-free space.,Broken parts: Handle with care.,Missing labels: Replace or relabel.,anatomy,education,student,model,Student
microscope,Microscope,Analytical,Used to magnify and observe small samples in clinical and research labs.,Turn on light.,Place slide on stage.,Adjust focus and magnification.,Observe and record.,,Avoid touching lenses.,Handle slides with care.,Clean lenses with lens paper.,Calibrate focus mechanism.,Blurry image: Clean lens.,No light: Check power supply.,research,laboratory,microscope,sample,Researcher
printer,Medical Document Printer,Administrative,"Prints patient reports, forms, and prescriptions from EHR systems.",Connect to system.,Select document to print.,Check paper and ink.,Print and collect output.,,Avoid paper jams.,Do not touch hot surfaces.,Refill ink and paper regularly.,Clean printer rollers.,Paper jam: Remove stuck sheet.,Low ink: Replace cartridge.,print,report,admin,document,Administrator
clipboard,Clipboard,Accessory,Used to carry and write on paper forms during patient rounds or field visits.,Insert forms.,Write using pen.,Store securely after use.,,,Keep dry.,Avoid sharp edges.,Replace damaged boards.,Sanitize surface.,Broken clip: Replace.,Paper lost: Secure properly.,notes,forms,field,accessory,Other
defibrillator,Defibrillator,Emergency,Delivers an electric shock to the heart to restore normal rhythm during cardiac arrest.,Turn on the device.,Attach pads to the patient’s chest.,Analyze the heart rhythm.,Deliver shock if advised.,Resume CPR as instructed.,Ensure no one is touching the patient before delivering a shock.,Avoid use near water.,Check battery weekly.,Replace pads after use.,Pad placement error: Reposition pads correctly.,Low battery: Replace or recharge.,shock,cardiac arrest,AED,emergency,Emergency Room
ventilator,Ventilator,Life Support,Assists or replaces spontaneous breathing in critically ill patients.,Connect to power and oxygen.,Set parameters.,Attach to patient.,Monitor vitals.,,Verify correct settings.,Ensure filters are clean.,Inspect tubing daily.,Replace filters weekly.,Alarm triggered: Check for disconnection or blockage.,Inaccurate readings: Recalibrate.,respirator,breathing,ICU,critical care,Intensive Care
anesthesia_machine,Anesthesia Machine,Surgical,Delivers controlled gases and anesthetics to maintain unconsciousness during surgery.,Check gas supply.,Connect to patient.,Administer anesthetic.,Monitor vitals.,,Perform pre-use check.,Ensure waste gas scavenging.,Replace soda lime.,Service quarterly.,Leak: Check hoses.,No gas flow: Inspect lines.,anesthesia,surgery,gas delivery,OR,Operating Room
bp_monitor,Blood Pressure Monitor,Monitoring,Measures patient’s blood pressure to monitor cardiovascular health.,Wrap cuff.,Start measurement.,Record values.,Repeat if needed.,,Correct cuff size.,Avoid injured limbs.,Calibrate biannually.,Replace cuff if worn.,Error code: Reposition cuff.,Inaccurate reading: Recalibrate.,BP,pressure,systolic,diastolic,General Ward
centrifuge,Centrifuge,Lab Equipment,Separates fluids of different densities using centrifugal force.,Balance tubes.,Set speed.,Start machine.,Wait before opening.,,Do not open while spinning.,Balance samples.,Clean rotor.,Check for cracks.,Unbalanced load.,Machine won't start.,blood,separation,centrifugal,lab,Laboratory
spectrophotometer,Spectrophotometer,Analytical,Measures absorbance or transmission of light by a solution to determine concentration.,Turn on and warm up the device.,Insert blank and calibrate.,Insert sample and read absorbance.,Record results.,,Avoid spillage inside the device.,Handle cuvettes carefully.,Clean optical path weekly.,Recalibrate monthly.,Reading error: Recalibrate.,Dirty cuvette: Clean and retry.,absorbance,concentration,lab,research,
ehr_system,Electronic Health Records (EHR) System,Administrative,Digital platform for storing and managing patient records.,Log into the system.,Search patient profile.,Enter or retrieve data.,Log out securely.,,Do not share login credentials.,Log out after use.,Update software monthly.,Backup data daily.,Slow system: Clear cache or contact IT.,Data mismatch: Verify entries before saving.,patient data,health records,admin,digital,
automated_dispensing,Automated Dispensing Machine,Medication,Stores and dispenses medications electronically to improve efficiency and safety.,Log in with credentials.,Select medication and patient.,Confirm dosage and retrieve.,Log out after use.,,Verify patient details before dispensing.,Store narcotics securely.,Refill stock daily.,Check for expired meds weekly.,System error: Restart or contact IT.,Wrong medication selected: Cancel and reselect.,medication,dispensing,automation,pharmacy,
xray_machine,X-ray Machine,Imaging,Uses X-rays to view internal structures of the body.,Position patient correctly.,Set exposure parameters.,Instruct patient to stay still.,Capture the image.,Review and save result.,Wear lead aprons.,Avoid repeated exposure.,Check radiation output annually.,Calibrate image sensors regularly.,Blurry image: Reposition and retry.,No image: Check software and connections.,radiograph,bones,imaging,scan,
bp_monitor,Blood Pressure Monitor,Monitoring,Measures patient’s blood pressure to monitor cardiovascular health.,Wrap cuff around upper arm.,Start the measurement.,Record systolic and diastolic values.,Repeat if necessary.,,Ensure correct cuff size.,Avoid use on injured limbs.,Calibrate biannually.,Replace cuff if worn.,Error code: Reposition cuff and retry.,Inaccurate reading: Recalibrate or replace batteries.,BP,pressure,systolic,diastolic,
anesthesia_machine,Anesthesia Machine,Surgical,Delivers controlled gases and anesthetics to maintain unconsciousness during surgery.,Check gas supply and machine status.,Connect patient via breathing circuit.,Administer anesthetic agent as required.,Monitor vitals and adjust settings accordingly.,,Perform pre-use check daily.,Ensure proper scavenging of waste gases.,Replace soda lime canister regularly.,Service machine quarterly.,Leak in system: Check hoses and connections.,No gas flow: Inspect gas lines and tanks.,anesthesia,surgery,gas delivery,OR,
defibrillator,Defibrillator,Emergency,Delivers an electric shock to the heart to restore normal rhythm during cardiac arrest.,Turn on the device.,Attach pads to the patient’s chest.,Analyze the heart rhythm.,Deliver shock if advised.,Resume CPR as instructed.,Ensure no one is touching the patient before delivering a shock.,Avoid use near water.,Check battery weekly.,Replace pads after use.,Pad placement error: Reposition pads correctly.,Low battery: Replace or recharge.,shock,cardiac arrest,AED,emergency,
otoscope,Otoscope,Diagnostic,Used to examine the ears and detect infections or blockages.,Attach a new speculum.,Gently insert into ear canal.,Look through lens and adjust light.,,,Use a new speculum for each patient.,Avoid deep insertion.,Disinfect tip after use.,Change batteries regularly.,No light: Check battery.,Blurred view: Clean lens.,ear,inspection,ENT,doctor,
reflex_hammer,Reflex Hammer,Diagnostic,Used to test deep tendon reflexes.,Ask patient to relax limb.,Tap tendon with hammer.,Observe reflex response.,,,Avoid excessive force.,Sanitize before use.,Wipe clean after each use.,Inspect rubber head monthly.,Weak response: May need patient relaxation.,Inaccurate strike: Reposition and retry.,reflex,neurological,motor,doctor,
penlight,Penlight,Diagnostic,Used for checking pupil reflex and throat examination.,Turn on penlight.,Shine into each eye for pupil response.,Use to illuminate throat or wound area.,,,Avoid direct prolonged eye exposure.,Disinfect before use.,Replace batteries as needed.,Clean lens and tip.,Light not turning on: Replace battery.,Dull light: Clean the lens.,light,neurological,eye,doctor,
blood_pressure_monitor,Blood Pressure Monitor (Sphygmomanometer),Diagnostic,Measures blood pressure using a cuff and dial.,Wrap cuff on upper arm.,Inflate cuff manually or automatically.,Read systolic and diastolic values.,,,Do not overinflate.,Clean cuff between uses.,Calibrate annually.,Inspect cuff for leaks.,Inaccurate reading: Reposition cuff.,Deflation issues: Check valve.,blood,pressure,vital,monitor,
iv_stand,IV Stand,Supportive,Holds IV bags securely above the patient for fluid administration.,Adjust height to suitable level.,Hang IV bag and connect tubing.,Ensure drip chamber is visible.,,,Lock wheels during use.,Keep clear of walkways.,Clean pole and base regularly.,Lubricate joints monthly.,Tilted stand: Adjust legs.,IV bag fall: Secure hook.,iv,fluid,stand,nurse,
med_cart,Medication Cart,Storage,Stores and transports medications during nurse rounds.,Organize meds in drawers.,Label patient compartments.,Lock cart after rounds.,,,Keep cart locked when unattended.,Sanitize handles and surfaces.,Clean wheels and surfaces daily.,Check lock mechanism weekly.,Stuck drawers: Lubricate tracks.,Missing keys: Use backup access.,medication,nurse,rounds,storage,
ct_scanner,CT Scanner,Imaging,Takes cross-sectional images of the body using X-rays.,Position patient on table.,Enter scan parameters.,Start scan and monitor.,,,Limit dose exposure.,Use shielding for sensitive areas.,Clean gantry.,Check cooling system monthly.,Motion blur: Re-scan.,Image artifacts: Calibrate.,ct,scan,technician,imaging,
defibrillator,Defibrillator,Emergency,Delivers electric shock to restore normal heart rhythm.,Attach pads to chest.,Analyze rhythm.,Deliver shock if indicated.,,,Clear area before shock.,Do not touch patient.,Check battery weekly.,Inspect pads for expiry.,Shock not delivered: Check pads.,Dead battery: Replace immediately.,shock,heart,technician,aed,
glucometer,Glucometer,Diagnostic,Measures blood glucose levels in diabetic or pre-diabetic patients.,Insert test strip into the device.,Prick finger with lancet.,Place blood drop on strip and read result.,,,Use a new lancet for each test.,Dispose of sharps in a proper container.,Clean device exterior.,Replace battery as needed.,Low battery: Replace battery.,Incorrect reading: Use fresh test strips.,glucose,diabetes,pharmacy,clinic,
nebulizer,Nebulizer,Therapeutic,Delivers medication as a mist inhaled into the lungs.,Fill medication cup.,Assemble the mask or mouthpiece.,Connect tubing and turn on compressor.,,,Clean components after each use.,Ensure proper dosage and airflow.,Replace tubing regularly.,Descale compressor monthly.,Weak mist: Clean or replace filter.,No airflow: Check tubing and compressor.,inhaler,respiratory,hospital,therapy,
surgical_lamp,Surgical Lamp,Lighting,Provides high-intensity lighting during surgeries.,Adjust height and angle.,Switch on power supply.,Focus light on surgical area.,,,Avoid direct eye exposure.,Ensure electrical safety compliance.,Clean lens and body regularly.,Replace bulbs as per schedule.,Flickering: Check power connections.,Dim light: Replace bulb.,lighting,surgery,hospital,ot,
medicine_dispenser,Automated Medicine Dispenser,Pharmacy,Dispenses scheduled medications automatically to patients.,Load compartments with medication.,Program schedule and dosages.,Patient receives alert for each dose.,,,Lock device when not in use.,Monitor for missed doses.,Refill medications regularly.,Clean touch interface weekly.,Missed alerts: Check system settings.,Stuck pill: Clean internal dispenser.,medication,reminder,pharmacy,patient,
syringe_pump,Syringe Pump,Infusion,Delivers fluids or medications at a controlled rate.,Load syringe into the pump.,Set the infusion rate.,Start the pump and monitor delivery.,,,Check for air bubbles.,Use correct syringe size.,Calibrate device monthly.,Inspect for mechanical issues.,Blockage alarm: Check tubing.,Inaccurate rate: Recheck settings.,infusion,fluid,hospital,clinic,
infusion_pump,Infusion Pump,Infusion,"Delivers fluids, medication, or nutrients into a patient's bloodstream in controlled amounts.",Insert and secure the IV tubing.,Program the desired rate and volume.,Start the pump and observe for alarms.,,,Ensure correct dosage entry.,Use sterile technique to avoid contamination.,Clean exterior daily.,Test alarm and flow sensor monthly.,Air-in-line alarm: Reprime IV line.,Flow error: Reposition tubing.,infusion,iv,medication,hospital,
autoclave,Autoclave,Sterilization,Uses high-pressure steam to sterilize surgical and clinical instruments.,Load instruments into sterilization chamber.,Select appropriate cycle settings.,Start and allow complete cooling before opening.,,,Do not open while under pressure.,Use gloves to handle hot instruments.,Descale and clean chamber weekly.,Check pressure valve monthly.,Incomplete sterilization: Check temperature or load.,Seal failure: Inspect door gasket.,sterile,steam,equipment,clinic,
oxygen_concentrator,Oxygen Concentrator,Respiratory,Concentrates oxygen from ambient air for therapeutic use in patients with respiratory conditions.,Place unit in a well-ventilated area.,Attach tubing and nasal cannula.,Adjust flow rate as prescribed.,,,Keep away from flammable substances.,Avoid kinking the oxygen tubing.,Clean filters weekly.,Service motor and sensors yearly.,Low oxygen output: Replace filter.,Alarm: Check power or internal error.,oxygen,respiratory,therapy,homecare,
laryngoscope,Laryngoscope,Surgical,Used to view and access the larynx during intubation or examination.,Assemble handle and blade.,Insert carefully into the patient's mouth.,Lift to visualize vocal cords.,,,Ensure blade is secure.,Avoid excessive force to prevent trauma.,Clean and disinfect after each use.,Check bulb and blade connections.,Light not working: Replace bulb.,Loose blade: Tighten assembly.,intubation,airway,emergency,surgery,
bp_aneroid,Aneroid Sphygmomanometer,Diagnostic,Manual device to measure blood pressure using an inflatable cuff and gauge.,Wrap cuff around the upper arm.,Inflate using the bulb.,Deflate slowly while reading the dial.,,,Do not overinflate the cuff.,Avoid usage over clothing.,Calibrate annually.,Check tubing for leaks.,Inaccurate reading: Recalibrate gauge.,Leakage: Replace valve or tubing.,blood pressure,manual,clinic,nurse,
emergency_crash_cart,Emergency Crash Cart,Emergency,"Mobile cart containing life-saving drugs, equipment, and supplies for resuscitation.",Unlock cart in emergencies.,Administer drugs and equipment as per ACLS protocol.,Replenish after use.,,,Seal and lock when not in use.,Label contents clearly for fast access.,Check inventory weekly.,Ensure defibrillator battery is charged.,Expired drugs: Check labels monthly.,Missing items: Conduct routine audit.,resuscitation,emergency,hospital,critical,
suction_machine,Suction Machine,Supportive,"Removes mucus, saliva, or blood from a patient’s airway during emergencies or surgery.",Attach tubing and power on unit.,Insert catheter into airway or site.,Apply suction and remove obstruction.,,,Monitor for hypoxia during use.,Avoid prolonged suctioning.,Empty and disinfect canister daily.,Replace tubing and filters regularly.,No suction: Check tubing blockage.,Weak suction: Inspect motor and connections.,airway,suction,clinic,surgery,
sterile_tray,Sterile Surgical Tray,Surgical,Pre-packed sterile tray containing instruments needed for common surgical procedures.,Open only when ready to use.,Maintain sterile field during procedure.,Dispose of single-use instruments afterward.,,,Do not touch sterile items with bare hands.,Use within expiration date.,"Store in a cool, dry place.",Inspect seal integrity before use.,Contamination: Replace tray immediately.,Expired tray: Check date prior to use.,surgical,kit,procedure,hospital,
vein_finder,Vein Finder,Diagnostic,Projects light or infrared to help locate veins for IV access or blood draw.,Turn on the device and select brightness.,Position over patient’s arm.,Identify and mark suitable vein.,,,Avoid eye exposure to strong beam.,Clean between uses.,Wipe screen and sensors.,Charge battery regularly.,No projection: Check battery.,Inaccurate view: Clean lens.,iv,phlebotomy,diagnostic,clinic,
digital_weight_scale,Digital Weight Scale,Monitoring,Electronic device to accurately measure a patient's weight.,Place scale on a level surface.,Have patient stand still on platform.,Read measurement from display.,,,Ensure non-slip surface.,Do not overload beyond capacity.,Clean platform regularly.,Check battery monthly.,Inaccurate reading: Recalibrate.,No power: Replace batteries.,weight,monitor,nurse,checkup,
defibrillator,Defibrillator,Emergency,Delivers electric shocks to restore normal heart rhythm during cardiac arrest.,Turn on the device and follow voice prompts.,Attach adhesive pads to the patient’s chest.,Clear area and press shock button when advised.,,,Do not touch the patient during shock.,Ensure correct pad placement.,Check battery and pads monthly.,Run self-test weekly.,Low battery: Replace immediately.,Pad malfunction: Use spare pads.,shock,cardiac,aed,resuscitation,
ecg_machine,ECG Machine,Diagnostic,Records the electrical activity of the heart to detect abnormalities.,Connect electrodes to the patient's limbs and chest.,Ensure patient is still and relaxed.,Start recording and review waveform.,,,Use disposable electrodes.,Avoid electrical interference.,Clean leads regularly.,Calibrate annually.,No signal: Reconnect leads.,Artifacts: Instruct patient to remain still.,cardiology,rhythm,diagnosis,monitor,
portable_ultrasound,Portable Ultrasound,Imaging,Uses high-frequency sound waves to produce internal body images in real-time.,Apply gel to the probe.,Place probe on area of interest.,Adjust settings and capture image.,,,Use appropriate gel.,Clean probe after each use.,Update software regularly.,Check image calibration monthly.,Blurry image: Adjust frequency or gain.,Frozen screen: Reboot device.,imaging,real-time,non-invasive,portable,
clinical_thermometer,Clinical Thermometer,Diagnostic,Glass or digital device used to measure a patient's body temperature.,Place under tongue or in armpit.,Wait until reading stabilizes.,Record temperature.,,,Sanitize before/after use.,Do not use broken thermometers.,Clean with alcohol swabs.,Replace batteries if digital.,Low accuracy: Calibrate device.,Broken glass: Dispose safely.,temperature,fever,diagnosis,nurse,
ambu_bag,Ambu Bag (BVM),Emergency,Manually provides positive pressure ventilation to patients not breathing adequately.,Connect mask to bag.,Seal mask over patient’s face.,Squeeze bag every 5 seconds.,,,Avoid over-inflation.,Check valve function.,Inspect mask and valves before use.,Sterilize reusable components.,Air leak: Check seal.,Stiff bag: Replace or inspect valve.,rescue,ventilation,first aid,manual,
pulse_oximeter,Pulse Oximeter,Monitoring,Measures blood oxygen saturation (SpO2) and pulse rate via fingertip sensor.,Insert patient's finger into sensor clip.,Turn on device.,Read SpO2 and pulse on display.,,,"Use on clean, dry fingers.",Avoid strong light during reading.,Disinfect sensor regularly.,Replace batteries as needed.,Inaccurate reading: Reposition sensor.,No reading: Check for poor circulation.,oxygen,vitals,monitor,clinic,
hospital_bed,Adjustable Hospital Bed,Supportive,"Provides comfort and safety for patients; includes adjustable head, foot, and height settings.",Adjust head/foot positions as needed.,Lock wheels for safety.,Check rails before patient transfer.,,,Always lock wheels when stationary.,Check side rail function.,Lubricate joints quarterly.,Inspect electric components monthly.,Remote failure: Check wiring.,Motor jam: Reset or inspect gears.,bed,patient care,comfort,adjustable,
iv_stand,IV Stand,Supportive,Holds IV fluid bags and allows gravity-based infusion into patients.,Hang IV bag from hook.,Adjust height as needed.,Secure tubing to patient’s IV site.,,,Stabilize base before use.,Do not overload with multiple bags.,Clean stand regularly.,Inspect wheels and height mechanism.,Tipping: Use weighted base.,Stuck adjustment: Lubricate pole.,infusion,fluid,stand,hospital,
urine_analyzer,Urine Analyzer,Diagnostic,Automated device that tests urine for various chemical and physical parameters.,Insert urine test strip.,Load into analyzer.,Read results on screen or printout.,,,Wear gloves while handling samples.,Avoid contact with test area.,Clean strip holder regularly.,Calibrate using control samples.,Invalid result: Use fresh strip.,Printer jam: Reload paper.,urine,lab,test,clinic,
surgical_headlight,Surgical Headlight,Lighting,Wearable light source to provide focused illumination during surgeries or examinations.,Secure headset on surgeon's head.,Adjust light direction.,Switch on and dim as required.,,,Avoid shining light into eyes.,Ensure proper battery attachment.,Disinfect headband and lens.,Charge or replace batteries regularly.,Flickering light: Replace bulb or battery.,Loose fit: Adjust straps.,illumination,surgery,portable,wearable,
nebulizer,Nebulizer,Therapeutic,Converts liquid medication into mist for inhalation by patients with respiratory issues.,Add prescribed medication to the cup.,Assemble mouthpiece or mask and tubing.,Switch on the device and inhale mist.,,,Disinfect parts after each use.,Avoid sharing nebulizer components.,Clean mouthpiece daily.,Replace filters regularly.,Weak mist: Clean or replace filter.,No output: Check compressor function.,inhalation,asthma,respiratory,therapy,
blood_bag_sealer,Blood Bag Sealer,Laboratory,"Seals the tubing of blood bags using heat, preventing contamination and leakage.",Insert tube into the sealing slot.,Activate sealer to clamp and heat.,Wait for indicator before removing.,,,Avoid direct contact with heating elements.,"Use on clean, dry tubing only.",Clean sealing area after use.,Inspect sealing wire periodically.,Incomplete seal: Replace heating element.,No response: Check power supply.,blood bank,seal,collection,transfusion,
ent_exam_chair,ENT Examination Chair,Examination,Adjustable chair designed for ENT procedures and examinations.,Adjust height and backrest for patient comfort.,Use foot controls for recline.,Lock position during procedure.,,,Check lock before seating patient.,Ensure stable base before tilting.,Wipe surfaces with disinfectant.,Inspect motors and controls monthly.,Remote not working: Replace battery.,Motor jam: Call technician.,ent,examination,chair,clinic,
digital_xray_system,Digital X-ray System,Imaging,"Captures radiographic images digitally, enhancing diagnostics and reducing exposure.",Position patient and X-ray panel.,Adjust exposure settings.,Capture and store image.,,,Use lead aprons.,Avoid unnecessary exposure.,Calibrate imaging sensors monthly.,Update software regularly.,Image blur: Adjust patient position.,Software crash: Restart system.,radiology,digital,xray,diagnostic,
stethoscope,Stethoscope,Diagnostic,"Acoustic medical device for auscultation of heart, lung, and bowel sounds.",Place diaphragm on patient’s body.,Listen to internal sounds.,Compare sounds from different locations.,,,Sanitize earpieces before and after use.,Avoid dropping to prevent damage.,Wipe tubing regularly.,Replace ear tips if worn out.,Low sound: Check seal and diaphragm.,Broken tubing: Replace stethoscope.,auscultation,heart,lung,clinic,
surgical_instruments_set,Surgical Instruments Set,Surgical,"Comprehensive set of tools used in surgical procedures including scalpel, forceps, scissors, etc.",Verify sterilization before use.,Select instruments based on procedure.,Handle with care during surgery.,,,Use only by trained personnel.,Prevent cross-contamination.,Clean and autoclave after use.,Sharpen blades regularly.,Blunt edges: Resharpen or replace.,Rust: Discard and report.,scalpel,forceps,operation,ot,
vital_signs_monitor,Vital Signs Monitor,Monitoring,"Displays multiple parameters including heart rate, blood pressure, temperature, and oxygen saturation.",Connect sensors to patient.,Turn on monitor and configure settings.,Observe readings on screen.,,,Ensure sensor placement is correct.,Do not use damaged cables.,Wipe monitor after use.,Calibrate monthly.,Inaccurate reading: Recheck sensors.,Alarm issue: Adjust thresholds.,monitoring,icu,bp,spo2,
ophthalmoscope,Ophthalmoscope,Diagnostic,Used to examine the interior of the eye including retina and optic nerve.,Dim room lighting.,Shine light into the eye from close range.,Observe retina through viewing lens.,,,Use low light to avoid discomfort.,Clean lens before and after use.,Replace bulb as needed.,Recharge or replace batteries.,Dim view: Clean or replace bulb.,No light: Check battery or bulb.,eye,fundus,optic,retina,
wheelchair,Wheelchair,Mobility Aid,Manual or powered device for patient transportation and mobility.,Adjust footrests and armrests.,Seat patient and apply seatbelt if available.,Unlock wheels to move.,,,Lock wheels before seating.,Do not exceed weight limit.,Check tire pressure.,Lubricate moving joints.,Brake failure: Repair or replace.,Worn tire: Replace immediately.,transport,mobility,disabled,clinic,
infant_incubator,Infant Incubator,Neonatal Care,Provides a controlled environment of temperature and humidity for premature or ill newborns.,Place baby inside with monitors.,Adjust temperature and humidity settings.,Monitor vitals continuously.,,,Maintain strict hygiene.,Avoid direct cold drafts or overheating.,Clean chamber after each use.,Service sensors quarterly.,Temperature deviation: Reset control unit.,Alarm error: Check baby sensors.,neonatal,nicu,premature,care,
blood_glucose_meter,Blood Glucose Meter,Diagnostic,Measures blood sugar levels using a small drop of blood on a test strip.,Insert test strip into the device.,Prick finger with lancet.,Apply blood to strip and read result.,,,Use sterile lancets.,Do not share devices between patients.,Clean meter regularly.,Replace batteries when low.,Strip error: Use a new strip.,Inaccurate reading: Recalibrate meter.,diabetes,sugar,glucose,monitoring,
dermatome,Dermatome,Surgical,Device used to slice thin skin layers for grafting purposes.,Set blade depth.,Move device smoothly across donor site.,Collect grafted skin.,,,Use on clean surgical field.,Check blade for sharpness before use.,Sterilize after each use.,Lubricate moving parts.,Uneven graft: Adjust depth setting.,Blade jam: Clean or replace.,graft,plastic surgery,skin,cutting,
anesthesia_machine,Anesthesia Machine,Surgical,Delivers a mixture of anesthetic gases and oxygen to patients during surgery.,Check gas levels and flowmeters.,Connect to breathing circuit.,Adjust vaporizer settings and monitor patient.,,,Verify oxygen supply.,Check for leaks in the system.,Service vaporizers regularly.,Inspect hoses for wear.,Alarm trigger: Check gas delivery.,Leak detected: Reseal connections.,gas,surgery,oxygen,vaporizer,
digital_ot_light,Digital OT Light,Lighting,High-intensity LED lighting system used in operating theatres.,Turn on via control panel.,Adjust focus and intensity as needed.,Ensure shadows are minimized.,,,Avoid direct eye exposure.,Secure position before surgery.,Clean dome and filters weekly.,Check bulb life indicators.,Flicker: Replace LED module.,Control issue: Restart panel.,surgery,lighting,theatre,led,
otoscope,Otoscope,Diagnostic,Used to examine the ear canal and eardrum.,Attach disposable speculum.,Turn on light and gently insert.,Inspect canal and tympanic membrane.,,,Use clean speculum for each patient.,Avoid deep insertion.,Clean lens and handle.,Check bulb function.,No light: Replace bulb or battery.,Obstructed view: Clean lens.,ear,inspection,canal,ent,
surgical_suction_tip,Surgical Suction Tip,Surgical,Fine nozzle attached to suction machine for removing fluids during surgeries.,Connect tip to suction tubing.,Activate suction machine.,Use tip to evacuate blood or fluids.,,,Use sterile tips for each procedure.,Avoid touching internal tissues directly.,Dispose of single-use tips properly.,Check for clogging.,Blocked tip: Flush or replace.,Loose connection: Refit tubing.,aspiration,fluid,tip,surgery,
infusion_warmer,Infusion Warmer,Supportive,Warms IV fluids before administration to avoid hypothermia.,Insert IV line through warmer unit.,Set temperature.,Begin infusion with monitoring.,,,Do not exceed recommended temperature.,Avoid overheating sensitive fluids.,Clean external casing.,Calibrate heating element monthly.,Overheating: Stop and restart unit.,Sensor error: Reset or service.,warm,infusion,iv,supportive,
biohazard_container,Biohazard Waste Container,Sanitation,"Used for safe disposal of contaminated medical waste like sharps, swabs, etc.",Place container in treatment area.,Dispose of hazardous items only.,Seal when full and label for pickup.,,,Do not overfill.,Use gloves while disposing.,Replace when 3/4 full.,Check lid function.,Lid jam: Use another container.,Spillage: Report and decontaminate.,disposal,hazard,waste,container,
hearing_audiometer,Audiometer,Diagnostic,Measures hearing acuity by generating tones at various frequencies and volumes.,Place headphones on patient.,Conduct test by varying tone frequencies.,Record patient response.,,,Use quiet room for accuracy.,Adjust sound slowly.,Calibrate annually.,Clean headphones regularly.,No sound: Check cable connection.,Distortion: Replace transducer.,hearing,sound,ear,audiology,
exam_lamp,Examination Lamp,Lighting,Provides focused light for detailed examination during clinical assessments.,Position lamp over area of interest.,Switch on and adjust brightness.,Focus beam as needed.,,,Avoid shining in eyes.,Do not touch hot bulb surface.,Clean lens and base.,Replace bulbs as required.,Dull light: Clean lens or replace bulb.,Arm loose: Tighten joints.,examination,lamp,focused,light,
spirometer,Spirometer,Diagnostic,Measures lung function by assessing the volume of air inhaled and exhaled.,Instruct patient to sit upright.,Attach disposable mouthpiece.,Ask patient to inhale deeply and exhale forcefully into device.,,,Use new mouthpiece per patient.,Avoid testing during respiratory infection.,Clean flow sensors daily.,Calibrate weekly.,Inaccurate reading: Recalibrate.,Sensor error: Clean and retry.,lungs,breathing,volume,pulmonary,
cpap_machine,CPAP Machine,Therapeutic,Provides continuous positive airway pressure to treat sleep apnea and respiratory distress.,Fit mask securely on the patient.,Adjust pressure settings as prescribed.,Turn on the device and monitor breathing.,,,Ensure humidifier chamber has water.,Use clean filters and mask liners.,Replace air filters monthly.,Clean tubing and humidifier chamber weekly.,Air leak: Readjust mask.,Dryness: Add distilled water to humidifier.,sleep apnea,airway,respiratory,homecare,
tongue_depressor,Tongue Depressor,Diagnostic,Flat wooden or plastic tool used to depress the tongue during oral and throat examinations.,Ask patient to open mouth.,Use depressor to gently press the tongue.,Inspect throat and oral cavity.,,,Use single-use item per patient.,Dispose immediately after use.,"Store in a clean, dry container.",Keep sealed until use.,Breakage: Use high-quality tool.,Discomfort: Apply gently.,oral,throat,check,examination,
hematology_analyzer,Hematology Analyzer,Laboratory,Automated machine that counts blood cells and provides complete blood count (CBC) analysis.,Load blood sample in tube holder.,Initiate analysis on touchscreen.,Review and print the report.,,,Use gloves while handling samples.,Avoid reagent spillage.,Clean sample probe daily.,Replace reagents and perform calibration monthly.,Clot detected: Repeat with new sample.,Error code: Refer to manual.,cbc,blood,lab,analysis,
medicine_trolley,Medicine Trolley,Supportive,Mobile cart used to store and transport medications and supplies within hospitals or clinics.,Organize medicines by type and patient.,Lock drawers when not in use.,Push to bedside for administration.,,,Label compartments clearly.,Do not leave unattended in hallway.,Clean surfaces daily.,Oil wheels monthly.,Stuck drawer: Lubricate track.,Missing items: Check inventory list.,medication,mobile,hospital,nurse,
incision_scalpel,Scalpel,Surgical,Precision surgical blade used for making incisions during operations.,Hold handle firmly.,Make precise incision as required.,Dispose blade after use if disposable.,,,Use blade guard when not in use.,Dispose used blade in sharps container.,Sterilize reusable handles.,Store blades in sterile packaging.,Blade dull: Replace blade.,Handle loose: Reattach securely.,cutting,surgery,blade,incision,
nasal_speculum,Nasal Speculum,Diagnostic,Instrument used to widen the nostrils for examination of the nasal cavity.,Hold in dominant hand.,Insert gently into the nostril.,Open blades slightly to inspect inside.,,,Warm instrument before use.,Avoid over-opening.,Clean and autoclave after each use.,Check hinge movement.,Loose tension: Adjust screw.,Contamination: Use sterilized tool.,nose,inspection,ent,examination,
electric_cautery,Electrocautery Unit,Surgical,Uses electricity to cut tissue or stop bleeding during surgical procedures.,Connect electrodes and grounding pad.,Set appropriate power settings.,Use pencil or pad to cauterize tissue.,,,Ensure grounding pad contact.,Avoid flammable gases nearby.,Check electrode tips for carbon build-up.,Inspect wires and pad regularly.,No spark: Check connections.,Burn risk: Reduce power setting.,burn,cut,bleeding,cautery,
bp_digital,Digital Blood Pressure Monitor,Diagnostic,Electronic device that measures systolic and diastolic blood pressure automatically.,Wrap cuff around upper arm.,Press start and remain still.,Read systolic/diastolic values on screen.,,,Do not move during measurement.,Ensure cuff is at heart level.,Replace batteries when needed.,Wipe cuff regularly.,Error code: Reposition cuff.,Low battery: Replace batteries.,bp,automatic,vital,screen,
orthopedic_drill,Orthopedic Drill,Surgical,Powered device used for drilling bones during orthopedic surgeries.,Select appropriate drill bit.,Secure bit into chuck.,Use steady pressure while drilling bone.,,,Use protective eyewear.,Avoid overheating bone tissue.,Sterilize drill after use.,Lubricate internal mechanisms.,Overheating: Pause and cool.,Battery drain: Recharge before use.,bone,surgery,drill,orthopedic,
vein_finder,Vein Finder,Diagnostic,Uses infrared light to help locate veins for injections or IV placement.,Turn on the device.,Hold it over the patient’s skin.,Identify suitable vein for insertion.,,,Do not shine directly into eyes.,Clean surface between uses.,Wipe lens with soft cloth.,Charge battery regularly.,Blurry projection: Clean lens.,Low brightness: Recharge device.,vein,infrared,injection,phlebotomy,
surgical_gown,Surgical Gown,Protective,Sterile garment worn during surgery to prevent transmission of infection.,Wear after scrubbing hands.,Secure ties and ensure proper fit.,Avoid touching non-sterile surfaces.,,,Use once per procedure.,Dispose in biohazard bin after use.,Store in sterile packs.,Inspect packaging before use.,Torn gown: Replace immediately.,"Wet spots: Use dry, sterile replacement.",sterile,protection,operation,disposable,
laryngoscope,Laryngoscope,Surgical,Tool used to view the vocal cords and facilitate intubation.,Select proper blade size.,Insert into mouth along tongue.,Lift to expose larynx for tube insertion.,,,Check bulb before procedure.,Use gentle movements to avoid injury.,Clean and autoclave after use.,Replace damaged blades.,No light: Replace bulb or battery.,Loose blade: Reattach securely.,airway,intubation,larynx,emergency,
sphygmomanometer,Sphygmomanometer,Diagnostic,Manual device for measuring blood pressure using a cuff and stethoscope.,Wrap cuff around arm.,Inflate and listen to pulse via stethoscope.,Release air and note systolic/diastolic pressure.,,,Do not overinflate.,Place cuff correctly above elbow.,Check for air leaks.,Clean cuff regularly.,Air leak: Replace bladder or valve.,Inaccurate reading: Recalibrate gauge.,bp,manual,pressure,diagnosis,
oxygen_cylinder,Oxygen Cylinder,Respiratory,Portable metal container that stores compressed medical oxygen for patient use.,Attach regulator and flow meter.,Open valve and adjust flow rate.,Connect to nasal cannula or mask.,,,Store upright and secured.,Keep away from flames.,Check for leaks regularly.,Service valve and regulator.,Low pressure: Replace or refill.,Leaking valve: Tighten or replace.,oxygen,gas,breathing,emergency,
colposcope,Colposcope,Diagnostic,Magnifies and illuminates the cervix for gynecological examination.,Position patient in lithotomy position.,Adjust light and magnification.,Inspect cervical area clearly.,,,Sanitize contact points.,Avoid shining light in eyes.,Clean lenses regularly.,Check bulbs and adjust focus.,Blurred view: Clean or refocus lens.,Bulb failure: Replace immediately.,cervix,examination,gynecology,visual,
hospital_gurney,Hospital Gurney,Mobility Aid,Wheeled stretcher used to transport patients within healthcare facilities.,Lower side rails for transfer.,Adjust backrest or height.,Lock wheels before loading/unloading.,,,Secure patient with straps.,Always lock brakes when stationary.,Clean mattress and frame daily.,Oil wheels monthly.,Wheel stuck: Lubricate or replace.,Broken latch: Repair immediately.,transport,stretcher,wheel,emergency,
autoclave_machine,Autoclave Machine,Sterilization,Uses steam pressure to sterilize surgical and clinical instruments.,Load items into chamber.,Set sterilization temperature and time.,Allow cycle to complete before removing items.,,,Do not open while pressurized.,Wear heat-resistant gloves.,Descale monthly.,Inspect door seal and pressure gauge.,Incomplete cycle: Restart or check settings.,Steam leak: Check seal or valve.,sterile,steam,pressure,clinic,
peak_flow_meter,Peak Flow Meter,Diagnostic,Measures peak expiratory flow to monitor lung function in asthma patients.,Inhale deeply and place mouth on device.,Exhale forcefully into the mouthpiece.,Record peak flow reading.,,,Use personal device per patient.,Disinfect between uses.,Clean with mild soap.,Inspect internal spring for wear.,Low reading: Repeat test.,Clogged device: Clean immediately.,lungs,asthma,flow,monitor,
infusion_pump,Infusion Pump,Infusion,Delivers fluids and medications into a patient’s body in controlled amounts.,Program dosage and rate.,Insert IV tubing into pump.,Start infusion and monitor delivery.,,,Check for air bubbles in line.,Use correct tubing type.,Calibrate monthly.,Clean device surface after each use.,Air-in-line alarm: Re-prime tubing.,Inaccurate rate: Reprogram settings.,fluid,iv,drip,hospital,
neurohammer,Neurological Reflex Hammer,Diagnostic,Used by healthcare professionals to test deep tendon reflexes during neurological exams.,Hold hammer by the handle.,Strike tendon areas like the knee or elbow.,Observe patient’s reflex response.,,,Strike gently to avoid injury.,Do not use if cracked or damaged.,Clean rubber head regularly.,Check for loose parts or damage.,No response: Retest with proper technique.,Worn rubber head: Replace.,reflex,neurology,hammer,diagnosis,
pulse_oximeter,Pulse Oximeter,Monitoring,Non-invasive device that measures oxygen saturation and pulse rate through a finger sensor.,Place sensor on fingertip.,Turn on the device.,Wait for stable reading to display.,,,Ensure finger is clean and dry.,Avoid use during strong movement.,Clean sensor after use.,Replace batteries when low.,Inaccurate reading: Reposition or clean sensor.,No power: Replace battery.,oxygen,spo2,monitor,vital,
ventilator,Ventilator,Respiratory Support,Mechanical device that assists or replaces spontaneous breathing in patients.,Connect patient to ventilator via endotracheal tube.,"Set tidal volume, rate, and FiO2.",Monitor patient’s vitals and alarms.,,,Ensure secure airway connection.,Monitor for pressure alarms.,Check tubing and filters daily.,Service machine monthly.,Tube disconnection: Reconnect immediately.,Alarm error: Check circuit or settings.,breathing,life support,icu,respirator,
fetal_doppler,Fetal Doppler,Diagnostic,Handheld ultrasound device that detects fetal heartbeat during pregnancy.,Apply gel on lower abdomen.,Place probe and move until heartbeat is audible.,Listen and record fetal heart rate.,,,Use only for brief intervals.,Disinfect probe after each use.,Wipe screen and probe regularly.,Replace batteries as needed.,No sound: Reposition probe or check battery.,Distortion: Reduce gel or adjust angle.,pregnancy,heartbeat,ultrasound,obstetric,
eye_chart,Snellen Eye Chart,Diagnostic,Printed chart used to measure visual acuity by having patients read letters from a distance.,Place chart 6 meters away.,Cover one eye and read aloud.,Record the smallest readable line.,,,Ensure good lighting in the room.,Keep chart at eye level.,Keep chart clean and unwrinkled.,Replace faded or torn charts.,Incorrect distance: Reposition patient.,Misaligned chart: Adjust height.,vision,acuity,eye,ophthalmology,
lab_centrifuge,Laboratory Centrifuge,Laboratory,Spins samples at high speed to separate components like plasma or cells based on density.,Balance tubes symmetrically in rotor.,Set speed and time.,Start and wait for completion before opening.,,,Do not open lid during operation.,Use proper tube caps to prevent spills.,Clean rotor regularly.,Calibrate speed settings monthly.,Unbalanced rotor: Redistribute tubes evenly.,Lid won’t open: Wait until full stop.,plasma,separation,blood,lab,
defibrillator,Defibrillator,Emergency,Delivers a controlled electric shock to restore normal heart rhythm in cardiac arrest.,Turn on and follow voice prompts.,Place adhesive pads on chest as shown.,Stand clear and press shock button if advised.,,,Do not touch patient during shock.,Ensure dry contact points.,Check battery and pads monthly.,Run self-test weekly if available.,Low battery: Replace or recharge.,Pad connection issue: Reattach or replace pads.,aed,shock,cardiac arrest,emergency,
surgical_headlight,Surgical Headlight,Lighting,Wearable light source that provides focused illumination during surgeries.,Adjust head strap for comfort.,Switch on and aim beam at target area.,Adjust brightness if needed.,,,Avoid shining directly into others’ eyes.,Ensure battery is charged before procedure.,Clean lens regularly.,Check head strap tension and replace if worn.,Dim light: Recharge or replace battery.,Unstable fit: Adjust headband.,surgery,lighting,focus,portable,
sterile_drape,Sterile Drape,Protective,Barrier used to maintain a sterile field around surgical or procedural sites.,Open package without touching inner surface.,Drape over area maintaining sterility.,Do not adjust after placement.,,,Use only once per procedure.,Avoid tearing or wet spots.,Store in sealed sterile packaging.,Inspect packaging before use.,Contamination: Replace immediately.,Improper coverage: Use larger drape.,cover,barrier,sterile,procedure,
blood_gas_analyzer,Blood Gas Analyzer,Laboratory,"Analyzes arterial blood samples to measure pH, oxygen, and carbon dioxide levels.",Insert sample cartridge or syringe.,Select test on screen.,Wait for automatic printout or digital result.,,,Use fresh samples to avoid inaccuracy.,Handle blood safely using PPE.,Calibrate daily.,Clean sample port regularly.,Clot in sample: Use new syringe.,Out-of-range result: Reanalyze sample.,arterial,ph,co2,abg,
urine_analyzer,Urine Analyzer,Diagnostic,"Automated device that tests urine samples for various parameters including glucose, protein, and ketones.",Insert test strip into the analyzer.,Dip strip into urine sample.,Read and record automated results.,,,Wear gloves while handling urine.,Avoid spilling onto machine.,Clean strip slot daily.,Calibrate regularly.,Invalid strip: Use approved brand.,Reading delay: Restart machine.,urine,test,lab,analysis,
hearing_aid,Hearing Aid,Therapeutic,Device that amplifies sound for individuals with hearing loss.,Insert hearing aid into ear canal.,Turn on and adjust volume.,Replace battery as needed.,,,Avoid exposure to moisture.,Clean tips regularly.,Replace wax guards monthly.,Check battery contacts weekly.,No sound: Change battery or clean tip.,Feedback noise: Reposition device.,hearing,sound,amplifier,aid,
digital_thermometer_rectal,Rectal Digital Thermometer,Diagnostic,Used to measure core body temperature via the rectal route.,Apply lubricant on the tip.,Insert gently into the rectum.,Wait for beep and read temperature.,,,Use single-patient thermometers when possible.,Sanitize after each use.,Replace battery periodically.,Clean with alcohol wipes.,Inaccurate reading: Recalibrate.,No beep: Replace battery.,temperature,core,thermometer,diagnosis,
emergency_crash_cart,Crash Cart,Emergency,Mobile unit that contains life-saving medications and equipment for medical emergencies.,Verify all essential supplies are stocked.,Unlock cart during emergencies.,Follow ACLS protocol while using equipment.,,,Check defibrillator and oxygen readiness daily.,Lock cart after use.,Inventory and seal cart weekly.,Check expiry dates monthly.,Missing items: Restock immediately.,Dead battery: Replace in defibrillator.,emergency,resuscitation,acls,medications,
surgical_sponge_forceps,Sponge Forceps,Surgical,Clamp-like instrument used to hold gauze or sponges during surgeries or procedures.,Pick up sponge or gauze with forceps.,Apply pressure or clean area.,Discard in proper bin after use.,,,Ensure sterility before use.,Avoid contact with non-sterile surfaces.,Sterilize after each use.,Check for loose joints.,Slipping sponge: Readjust grip.,Rusty tip: Replace instrument.,clamp,gauze,forceps,surgery,
hospital_bed_remote,Electric Hospital Bed,Supportive,Adjustable bed that allows for positioning of patients via remote control.,Use remote to raise or lower sections.,Lock bed wheels after adjustment.,Position patient comfortably.,,,Avoid pinching limbs during movement.,Ensure power cable is secured.,Check motors monthly.,Clean mattress and control panel.,Remote unresponsive: Check cable or battery.,Motor noise: Lubricate or service.,bed,patient,electric,mobility,
dermascope,Dermatoscope,Diagnostic,Handheld device that provides magnification and light to examine skin lesions.,Apply gel on lesion if needed.,Place scope against skin.,Examine for irregular patterns.,,,Disinfect lens after use.,Avoid eye contact with light.,Charge battery or replace as needed.,Clean lens and housing.,Blurry image: Clean or refocus.,No light: Replace battery.,skin,lesion,dermatology,scope,
stretcher_with_iv_pole,Stretcher with IV Pole,Mobility Aid,Patient transport stretcher with an integrated IV pole for fluid administration.,Position patient safely.,Lock wheels before transport.,Hang IV fluids securely.,,,Secure patient with straps.,Ensure IV line is not kinked.,Clean mattress and frame daily.,Check IV pole stability weekly.,Pole loose: Tighten or adjust.,Wheel stuck: Oil casters.,transport,iv,patient,hospital,
digital_scales,Digital Weighing Scale,Diagnostic,Measures body weight digitally for clinical monitoring.,Place scale on flat surface.,Ask patient to stand still.,Read weight on display.,,,Ensure dry platform to avoid slipping.,Do not exceed max load capacity.,Wipe platform regularly.,Replace batteries as required.,Inaccurate weight: Recalibrate.,Display error: Change batteries.,weight,measurement,scale,bmi,
tourniquet,Medical Tourniquet,Supportive,Elastic band used to restrict blood flow to assist with venipuncture or emergency bleeding control.,Wrap around limb above puncture site.,Tighten until vein is visible or bleeding slows.,Release promptly after procedure.,,,Do not leave on for more than 1 minute.,Avoid excessive pressure.,Clean reusable types with disinfectant.,"Store in dry, clean place.",Overtightening: Loosen or remove immediately.,Worn elasticity: Replace tourniquet.,blood,vein,pressure,injection,
eye_occluder,Eye Occluder,Diagnostic,A paddle-shaped tool used to cover one eye during vision testing.,Ask the patient to sit facing the eye chart.,Place occluder over one eye without pressing.,Conduct vision test on the uncovered eye.,,,Clean before reuse.,Handle gently to avoid patient discomfort.,Sanitize after each use.,Store in a clean case.,Patient discomfort: Adjust position.,Scratched surface: Replace occluder.,vision,test,eye,ophthalmology,
emergency_suction_unit,Portable Suction Unit,Emergency,"Removes secretions, fluids, or vomit from the airway to ensure clear breathing.",Connect suction tubing and canister.,Turn on unit and set pressure.,Insert catheter and begin suctioning.,,,Use sterile catheter.,Monitor suction pressure.,Empty and disinfect canister daily.,Inspect filters and tubing.,Weak suction: Check battery or tubing.,Overflow: Empty canister.,suction,airway,fluid,portable,
autoinjector,Auto-Injector,Therapeutic,"Preloaded device that delivers a fixed dose of medication, often used for emergencies like anaphylaxis.",Remove safety cap.,Press firmly against thigh.,Hold for 10 seconds and remove.,,,Check expiry date.,Store at room temperature.,Inspect regularly for damage.,Replace before expiration.,Failure to activate: Apply more pressure.,Expired dose: Replace immediately.,epipen,injection,allergy,medication,
pediatric_incubator,Infant Incubator,Therapeutic,"Provides a warm, controlled environment for premature or ill newborns.",Place baby inside via access ports.,Set temperature and humidity levels.,Monitor vitals and adjust as needed.,,,Avoid sudden temp changes.,Keep power uninterrupted.,Clean chamber regularly.,Check sensors monthly.,Temperature fluctuation: Recalibrate.,Alarm: Check oxygen or heat settings.,neonatal,warmth,premature,icu,
gait_belt,Gait Belt,Mobility Aid,Assists caregivers in safely transferring or ambulating patients.,Secure belt around patient's waist.,Hold from back or side.,Support while walking or standing.,,,Ensure proper fit and grip.,Avoid pulling too tightly.,Wash fabric belt routinely.,Check buckle integrity.,Loose buckle: Adjust and tighten.,Frayed strap: Replace.,transfer,rehab,mobility,nurse,
surgical_stapler,Surgical Stapler,Surgical,Used to close wounds or surgical incisions quickly using metal staples.,Align wound edges.,Position stapler and press trigger.,Check staple closure.,,,Use only on recommended tissue.,Sterilize reusable types.,Check spring and trigger mechanism.,Store sterile versions properly.,Staple misfire: Remove and restaple.,Jammed mechanism: Replace unit.,closure,wound,metal,operation,
otoscope,Otoscope,Diagnostic,Device for examining the ear canal and eardrum.,Attach disposable speculum.,Insert gently into ear canal.,Observe via lens or screen.,,,Avoid deep insertion.,Use new speculum per patient.,Wipe lens and handle.,Replace batteries or bulb.,No light: Check power source.,Blurry view: Clean or adjust focus.,ear,hearing,inspection,ent,
dialysis_machine,Dialysis Machine,Therapeutic,Removes waste and excess fluids from the blood in patients with kidney failure.,Connect patient via vascular access.,Start filtration cycle.,Monitor vitals and fluid removal.,,,Use aseptic technique.,Monitor blood pressure regularly.,Disinfect after each session.,Check filters and tubing.,Alarm: Check fluid balance or tubing.,Clotting: Flush access line.,renal,filtration,blood,hemodialysis,
surgical_smoke_evacuator,Smoke Evacuator,Surgical,Removes surgical smoke and airborne particles during electrosurgery or laser use.,Place nozzle near surgical site.,Turn on evacuator before cutting.,Monitor suction and replace filter as needed.,,,Position correctly for max efficiency.,Replace filters regularly.,Clean tubing and casing.,Replace HEPA filters monthly.,Low suction: Check hose blockage.,Noise: Inspect fan.,smoke,surgery,air,filtration,
telemedicine_cart,Telemedicine Cart,Diagnostic,"Mobile workstation for remote consultation equipped with monitor, webcam, and diagnostic tools.",Power on and connect to network.,Position cart near patient.,Start video consultation and use peripherals.,,,Maintain patient privacy.,Sanitize surfaces between uses.,Check audio/video functionality.,Update software monthly.,Audio/video lag: Restart or check network.,Unresponsive tools: Reconnect peripherals.,remote,consult,virtual,monitor,
wound_dressing_kit,Wound Dressing Kit,Supportive,Sterile kit containing materials for cleaning and covering wounds.,Open sterile pack.,Clean wound with saline.,Apply dressing and secure.,,,Use gloves.,Avoid contaminating the sterile field.,Restock supplies regularly.,Check expiry of contents.,Insufficient coverage: Use larger dressing.,Expired items: Replace kit.,dressing,bandage,wound,sterile,
video_laryngoscope,Video Laryngoscope,Surgical,Device with camera to visualize the larynx during intubation.,Insert blade into mouth.,Visualize vocal cords on screen.,Insert tube while watching display.,,,Disinfect screen and blade.,Avoid forceful insertion.,Clean camera lens after each use.,Charge battery fully.,No image: Check connections.,Blurred screen: Clean lens.,airway,intubation,camera,emergency,
heat_lamp,Medical Heat Lamp,Therapeutic,Emits infrared radiation for muscle relaxation and improved circulation.,Position lamp at safe distance.,Turn on and aim at target area.,Use for prescribed duration.,,,Do not touch hot surfaces.,Avoid prolonged exposure.,Clean bulb cover weekly.,Replace bulb when dim.,Bulb failure: Replace.,No heat: Check power supply.,heat,muscle,therapy,infrared,
dental_chair,Dental Chair,Supportive,Adjustable chair used during dental examinations and procedures.,Position patient comfortably.,Adjust headrest and recline as needed.,Lock chair during procedure.,,,Avoid rapid movements.,Disinfect between patients.,Check motor and hydraulics.,Clean upholstery daily.,Chair not moving: Inspect controls.,Hydraulic leak: Service immediately.,dental,examination,support,clinic,
laparoscope,Laparoscope,Surgical,Instrument for minimally invasive abdominal surgeries with camera visualization.,Insert trocar and scope.,Connect to display system.,Navigate internally via controls.,,,Ensure sterility.,Handle optics with care.,Clean optics with alcohol.,Store in padded case.,Blurry image: Clean lens.,Cable loose: Reconnect.,abdominal,scope,camera,laparoscopy,
portable_ultrasound,Portable Ultrasound Machine,Diagnostic,Handheld or compact unit for bedside imaging of internal structures.,Apply gel to probe.,Select imaging mode.,Scan area and interpret image.,,,Avoid dropping probe.,Use only with trained personnel.,Disinfect probe after use.,Charge battery regularly.,Frozen screen: Restart.,No signal: Check cable.,imaging,portable,bedside,scan,
nebulizer_machine,Nebulizer,Respiratory,Converts liquid medication into a mist for inhalation therapy.,Add medication to chamber.,Connect mask or mouthpiece.,Turn on and inhale mist.,,,Use medication as prescribed.,Clean mask and chamber after use.,Replace filters monthly.,Rinse and dry components.,Low mist: Clean chamber.,No airflow: Check tubing.,asthma,respiratory,inhalation,breath,
height_measuring_scale,Stadiometer,Diagnostic,Used to measure a patient's height accurately in clinical settings.,Have patient stand straight.,Lower headpiece gently.,Record the measurement.,,,Ensure stable placement.,Patient should be barefoot.,Clean regularly.,Calibrate if digital.,Loose rod: Tighten.,Wrong value: Reposition patient.,height,measure,physical,scale,
laryngeal_mask_airway,Laryngeal Mask Airway (LMA),Emergency,Provides a secure airway during anesthesia or emergency ventilation.,Lubricate and insert device.,Inflate cuff to seal airway.,Connect to ventilator or bag.,,,Do not overinflate.,Verify placement via chest rise.,Dispose if single-use.,Sterilize reusable types.,Air leak: Reposition or reinflate.,Blockage: Remove and suction.,airway,ventilation,anesthesia,emergency,
glucose_monitor,Blood Glucose Monitor,Diagnostic,Measures blood sugar levels using test strips and a digital reader.,Insert strip and apply blood drop.,Wait for reading.,Record result if needed.,,,Use only one strip per test.,Disinfect finger before lancing.,Check battery level.,Clean strip port gently.,Error code: Reinsert strip.,Low reading: Repeat test.,diabetes,sugar,glucose,monitor,
bone_saw,Oscillating Bone Saw,Surgical,Used in orthopedic procedures to cut bone precisely and cleanly.,Secure the area.,Activate the saw.,Guide through bone gently.,,,Wear PPE and goggles.,Use only with bone contact.,Sterilize blade after use.,Inspect power cord and blade.,Jammed blade: Stop and inspect.,Excess vibration: Tighten blade.,bone,orthopedic,cut,oscillating,
ambu_bag,Bag Valve Mask (Ambu Bag),Emergency,Handheld device for manual ventilation in patients with respiratory failure.,Place mask on patient’s face.,Squeeze bag to deliver breaths.,Watch for chest rise.,,,Avoid overventilation.,Ensure mask seal.,Disassemble and sterilize parts.,Check valve function regularly.,Leak: Reposition mask.,Valve failure: Replace unit.,manual,ventilation,rescue,oxygen,
lead_apron,Lead Apron,Protective,Protective clothing used during radiological procedures to block harmful X-rays.,Drape apron over front of body.,Ensure it covers thyroid and chest.,Remove after procedure.,,,Inspect for cracks or tears.,Do not fold apron.,Store flat or on hanger.,Clean with mild detergent.,Worn shielding: Replace apron.,Improper fit: Use correct size.,xray,radiation,protection,lead,
resuscitation_mask,CPR Mask,Emergency,Barrier device used during CPR to provide breaths while protecting rescuer.,Place mask over patient's nose and mouth.,Tilt head and give breaths.,Check for chest rise.,,,Use one-way valve mask.,Disinfect after use.,Check seal and valve.,Store in clean case.,Poor seal: Reposition mask.,Valve blocked: Replace.,cpr,breath,barrier,emergency,
hematology_analyzer,Hematology Analyzer,Laboratory,"Performs automated blood counts including RBC, WBC, and platelets.",Insert blood sample vial.,Select analysis mode.,Print or review results.,,,Handle blood with PPE.,Avoid sample clotting.,Clean probes and tubing daily.,Run calibration control weekly.,Clot error: Use fresh sample.,Sample rejection: Reanalyze.,cbc,blood,counts,lab,
infusion_warmer,Infusion Warmer,Therapeutic,Warms IV fluids before administration to prevent hypothermia.,Connect IV line through the warming unit.,Set desired temperature.,Start infusion and monitor warmth.,,,Do not exceed safe temperature range.,Monitor patient for burns or discomfort.,Clean external surfaces daily.,Check calibration monthly.,Overheat alarm: Lower temperature setting.,No heating: Check power supply.,iv,fluid,warming,hypothermia,
nasogastric_tube,Nasogastric Tube,Supportive,Tube inserted through the nose into the stomach for feeding or decompression.,Lubricate tube and insert via nostril.,Advance gently into stomach.,Verify placement before use.,,,Check for gag reflex during insertion.,Confirm placement via aspiration or X-ray.,Flush with saline regularly.,Replace as per protocol.,Tube misplacement: Reinsert.,Blockage: Irrigate or replace.,feeding,stomach,tube,nutrition,
doppler_fetal_monitor,Fetal Doppler,Diagnostic,Portable ultrasound device used to detect fetal heartbeat.,Apply gel to mother’s abdomen.,Place probe and adjust angle.,Listen for fetal heart sounds.,,,Use medical-grade ultrasound gel.,Avoid prolonged use.,Clean probe after each use.,Check battery or cable regularly.,No sound: Reposition probe.,Weak signal: Check battery.,pregnancy,heartbeat,baby,monitor,
medical_laser,Surgical Laser,Surgical,Precision device that uses focused light for cutting or cauterizing tissue.,Configure laser settings.,Wear protective goggles.,Activate and apply to target area.,,,Always wear laser-safe eyewear.,Avoid reflective surfaces.,Clean lens with soft cloth.,Check alignment monthly.,Low intensity: Recalibrate.,Laser drift: Realign.,laser,cautery,cutting,tissue,
aneroid_sphygmomanometer,Manual Blood Pressure Cuff,Diagnostic,Measures blood pressure using inflation bulb and gauge.,Wrap cuff around upper arm.,Inflate with bulb and auscultate with stethoscope.,Read gauge for systolic/diastolic pressure.,,,Do not overinflate.,Ensure proper cuff size.,Check gauge calibration annually.,Inspect tubing for leaks.,Inconsistent readings: Recalibrate.,Leaky bulb: Replace or repair.,blood pressure,bp,manual,diagnosis,
pipette,Laboratory Pipette,Laboratory,Used to transport measured volumes of liquid in lab procedures.,Attach sterile tip.,Draw liquid to set volume.,Dispense into target container.,,,Avoid contamination of tip.,Use gloves when handling samples.,Autoclave as required.,Check volume calibration.,Inaccurate volume: Recalibrate.,Loose tip: Reattach or replace.,liquid,transfer,lab,precision,
biopsy_needle,Biopsy Needle,Diagnostic,Used to extract tissue samples for pathological examination.,Identify and clean biopsy site.,Insert needle under imaging guidance.,Retrieve sample and store properly.,,,Use aseptic technique.,Dispose of needle in sharps container.,Single-use only — no maintenance required.,Store unopened in sterile packs.,Improper angle: Use imaging.,Inadequate sample: Repeat.,tissue,sample,needle,biopsy,
heparin_lock,Heparin Lock (Saline Lock),Infusion,IV access device used for intermittent medication administration or fluid access.,Flush with saline before and after use.,Administer medication through lock.,Secure with cap when not in use.,,,Use aseptic technique.,Avoid occlusion or dislodgement.,Flush every 8–12 hours if unused.,Replace as per hospital protocol.,Blocked line: Flush or replace.,Leakage: Secure connections.,iv,access,lock,heparin,
oxygen_tank,Portable Oxygen Cylinder,Respiratory,Cylinder containing compressed oxygen for emergency or ambulatory use.,Connect regulator and check pressure.,Attach nasal cannula or mask.,Open valve slowly and administer.,,,Keep away from heat or flames.,Secure upright during transport.,Check pressure weekly.,Refill when below threshold.,No flow: Check valve.,Leakage: Tighten fittings.,oxygen,tank,cylinder,emergency,
ophthalmoscope,Ophthalmoscope,Diagnostic,Used to examine the retina and other internal structures of the eye.,Dim room lights.,Shine light into pupil and adjust focus.,Inspect retina and optic disc.,,,Avoid direct prolonged exposure.,Disinfect contact points.,Charge battery regularly.,Clean lens and handle.,No light: Replace bulb or battery.,Blurry image: Clean lens.,eye,retina,inspection,vision,
tourniquet_band,Elastic Tourniquet,Supportive,Elastic strap used to restrict blood flow during venipuncture or intravenous insertion.,Wrap above venipuncture site.,Tighten until vein distends.,Release immediately after blood draw.,,,Do not leave on for more than 1 minute.,Avoid excessive tightness.,Clean with disinfectant if reusable.,Inspect for wear.,Too tight: Loosen promptly.,Elastic lost stretch: Replace.,vein,blood,draw,phlebotomy,
skin_graft_mesher,Skin Graft Mesher,Surgical,Creates mesh pattern in skin grafts to allow expansion and fluid drainage.,Place graft between plates.,Pass through mesher rollers.,Inspect mesh pattern.,,,Handle graft gently.,Sterilize before use.,Clean plates after use.,Inspect rollers regularly.,Graft tear: Adjust mesh settings.,Sticky rollers: Clean.,graft,skin,mesh,burn,
colonoscope,Colonoscope,Diagnostic,Flexible endoscope used for inspecting the colon and rectum.,Insert through anus carefully.,Advance scope under visualization.,Perform biopsy or polyp removal if needed.,,,Use lubrication.,Monitor for patient discomfort.,Clean and disinfect per protocol.,Check for damage to insertion tube.,Poor visibility: Clean lens.,Looping: Adjust advancement.,colonoscopy,endoscopy,gastro,scope,
ecmo_machine,ECMO Machine,Life Support,Extracorporeal membrane oxygenation device for heart and lung support.,Cannulate patient vessel.,Connect tubing and pump.,Monitor oxygenation and flow.,,,Requires trained staff.,Maintain circuit sterility.,Change oxygenator cartridge.,Check tubing for clotting daily.,Pump failure: Replace immediately.,Air embolism: Check for bubbles.,ecmo,heartlung,intensive,support,
infusion_stand,Pole IV Stand,Supportive,Adjustable-height pole used to hang IV bags during fluid administration.,Adjust height appropriately.,Hang IV bags securely.,Ensure drip chamber visible.,,,Lock wheel casters.,Avoid overloading the stand.,Clean pole regularly.,Inspect base stability.,Stand tipping: Adjust legs.,Hook loose: Tighten.,iv,fluid,drip,pole,
dermatome_machine,Powered Dermatome,Surgical,Motorized device that harvests uniform skin grafts.,Set depth and width.,Guide blade across donor site.,Collect graft.,,,Avoid hitting bone.,Keep skin taut.,Sterilize after use.,Check blades before procedure.,Uneven graft: Adjust settings.,Blade jam: Clear debris.,graft,skin,harvest,plastic,
intrauterine_pressure_catheter,IUPC,Diagnostic,Monitors uterine contraction pressure during labor.,Insert catheter into uterus.,Secure externally.,Connect to monitor.,,,Use aseptic technique.,Monitor for infection.,Single-use: Dispose after use.,,No reading: Reposition.,Leakage: Replace catheter.,labor,pressure,monitor,obstetric,
blood_pressure_cuff_pediatric,Pediatric BP Cuff,Diagnostic,Smaller cuff for accurate blood pressure measurement in children.,Select appropriate size.,Wrap cuff snugly around arm.,Measure BP manually or digitally.,,,Do not overtighten.,Choose correct size.,Clean after use.,Check for leaks.,Inaccurate readings: Rehydrate cuff.,Leak: Repair or replace.,child,bp,pediatric,vitals,
heel_lancet,Heel Lancet,Diagnostic,Device used for capillary blood collection from infant heel.,Clean heel area.,Use lancet to puncture skin.,Collect blood in capillary tube.,,,Use single-use lancet.,Apply gentle pressure after.,Sharps: dispose in container.,,Insufficient sample: Puncture deeper.,Excessive bleeding: Apply pressure.,infant,blood,heel,collection,
ct_scanner,CT Scanner,Imaging,Imaging device using X-rays to produce cross-sectional body images.,Position patient on table.,Enter scanning parameters.,Start scan and review images.,,,Use shielding.,Check for contraindications.,Calibrate detectors monthly.,Inspect gantry motion.,Motion artifact: Re-scan.,No image: Check settings.,ct,scan,radiology,imaging,
ecg_electrodes,ECG Electrodes,Consumable,Sticky pads used to measure electrical activity of the heart.,Peel and attach to cleaned skin.,Connect lead wires.,Dispose after single-use.,,,Avoid skin irritation.,Use fresh electrodes.,None — single-use.,,Poor contact: Reattach.,Adhesive failure: Replace.,ecg,leads,cardiac,monitor,
endoscopy_trolley,Endoscopy Trolley,Supportive,Mobile cart containing endoscope and accessories for procedures.,Load scope and processor.,Position near patient.,Power equipment and connect suction.,,,Avoid cable tension.,Stabilize trolley.,Clean surfaces.,Check wheels and cables.,Loose connection: Reconnect.,Overloaded trolley: Redistribute.,endoscopy,scope,cart,procedure,
infusion_pump_syringe,Syringe Infusion Pump,Infusion,Motor-driven pump delivering fluids from a syringe in precise rates.,Load syringe and set parameters.,Start delivery.,Monitor infusion.,,,Verify dosage settings.,Check for occlusions.,Calibrate monthly.,Clean housing regularly.,Occlusion alarm: Clear blockage.,Incorrect rate: Reprogram.,iv,syringe,pump,infusion,
fetal_heart_rate_monitor,Fetal Heart Rate Monitor,Monitoring,Monitors fetal heart rate during labor using Doppler or ultrasound.,Apply gel and place transducer.,Secure with belt.,Read heart rate and contraction data.,,,Use medical-grade gel.,Avoid fetal overheating.,Clean probe.,Check belt integrity.,Faint signal: Reposition probe.,Alarm: Check connection.,labor,fetal,monitor,hipaa,
gait_trainer,Gait Trainer,Rehabilitation,Assists patients learning to walk with adjustable support.,Adjust support frame height.,Position patient within frame.,Guide walking movements.,,,Lock wheels when stationary.,Ensure stable floor.,Clean handles.,Check wheel function.,Wobble: Tighten bolts.,Wheel stuck: Lubricate.,rehab,mobility,walk,physical therapy,
glucose_infusion_set,Glucose Infusion Set,Consumable,Tubing and needle set for delivering dextrose solutions intravenously.,Connect to IV fluid bag.,Insert catheter into vein.,Start infusion.,,,Use aseptic technique.,Verify solution concentration.,Single-use — dispose after use.,,Air bubbles: Prime set fully.,Leaks: Replace set.,iv,glucose,dextrose,consumable,
heat_pack,Reusable Heat Pack,Therapeutic,Reusable gel pack used for local heat therapy.,Heat in microwave per instructions.,Wrap in cloth and apply to area.,Use for prescribed duration.,,,Check temperature before application.,Avoid skin burns.,Inspect for leaks.,Replace if pack ruptures.,No heat: Re-microwave.,Leak: Replace pack.,heat,therapy,pain,reusable,
hydration_station,Oral Hydration Station,Supportive,Provides oral rehydration solutions for patients in wards or clinics.,Prepare solution per protocol.,Provide cup and straw.,Encourage patient to drink.,,,Use correct solution mix.,Clean cups between use.,Replenish supplies daily.,Sanitize station often.,Contamination: Perform cleaning.,Wrong mixture: Check labels.,hydration,oral,dehydration,support,
infection_control_gown,Isolation Gown,Protective,Disposable gown used to protect caregivers from infectious agents.,Wear before entering isolation area.,Tie sleeves and waist securely.,Remove and dispose after use.,,,Do not reuse disposable gown.,Avoid contact with contaminated surfaces.,None — single-use.,,Incorrect sizing: Choose appropriate size.,Leakage: Replace if wet.,ppe,isolation,protective,infection,
intracranial_pressure_monitor,ICP Monitor,Monitoring,Measures pressure within the skull for patients with head injury or ICP concerns.,Insert probe into cranial vault.,Connect to bedside monitor.,Observe real-time pressure readings.,,,Sterile insertion required.,Monitor for infections.,Zero and calibrate as needed.,,No reading: Check connection.,Drift: Rezero instrument.,neurology,head,pressure,monitor,
iv_pole_dual,Dual Hook IV Pole,Supportive,IV stand with dual hooks to hang multiple fluid bags.,Hang two IV bags securely.,Adjust height as needed.,Ensure drip chambers visible.,,,Balance weight distribution.,Lock wheels when not moved.,Clean and inspect hooks.,Check caster function.,Pole wobble: Tighten base.,Hook loose: Adjust screw.,iv,fluid,multiple,drip,
jaw_thrust_device,Jaw Thrust Tool,Emergency,Non-invasive tool used to open airway in an unresponsive patient by lifting the jaw.,Reach behind head and grasp angles of lower jaw.,Lift jaw upwards.,Maintain until airway is secured.,,,Use carefully to avoid cervical spine injury.,Be gentle to avoid dental damage.,Clean and disinfect after use.,,Insufficient lift: Reposition.,Jaw pain: Release gently.,airway,emergency,cpr,firstaid,
knee_rehabilitation_unit,Continuous Passive Motion (CPM) Machine,Rehabilitation,Moves a joint (often knee) through a prescribed range of motion during recovery.,Position leg in device.,Set range and speed.,Start motion and monitor patient.,,,Check alignment before starting.,Avoid overextension.,Clean surfaces.,Lubricate moving parts.,Uncomfortable range: Adjust settings.,No motion: Check power.,rehab,motion,knee,therapy,
portable_ultrasound,Portable Ultrasound,Imaging,Handheld ultrasound device for point-of-care imaging.,Apply gel to the area.,Scan using the handheld probe.,View real-time images on screen.,,,Disinfect probe before and after use.,Do not submerge the device in liquid.,Update software regularly.,Inspect probe for damage.,Poor image quality: Reapply gel.,Device not powering on: Recharge battery.,ultrasound,portable,diagnostic,imaging,
air_displacement_plethysmograph,Bod Pod,Diagnostic,Measures body composition using air displacement.,Instruct patient to wear minimal clothing.,Enter patient into the pod chamber.,Run measurement procedure.,,,Clean chamber between uses.,Ensure patient comfort.,Calibrate weekly.,Clean sensor ports.,Inaccurate readings: Recalibrate.,Door seal leak: Inspect and fix.,body composition,fat,fitness,volume,
laryngoscope,Laryngoscope,Surgical,Used to visualize the vocal cords and facilitate intubation.,Attach blade to handle.,Insert into the mouth gently.,Lift to view vocal cords.,,,Use correct blade size.,Do not force entry.,Disinfect after each use.,Replace bulbs if dim.,Poor lighting: Replace battery or bulb.,Foggy lens: Clean immediately.,intubation,airway,vocal cords,anesthesia,
spirometer,Spirometer,Diagnostic,Measures lung function and airflow.,Instruct patient to inhale and exhale into the device.,Record the volume and rate of airflow.,Repeat as needed.,,,Use disposable mouthpieces.,Avoid contamination.,Calibrate monthly.,Check for sensor blockage.,No airflow detected: Reposition or replace mouthpiece.,Inaccurate values: Recalibrate.,lung,breathing,asthma,copd,
scalp_vein_set,Butterfly Needle,Infusion,Small-winged needle for drawing blood or administering IV fluids.,Insert into vein with wings flat.,Secure wings to skin with tape.,Connect to tubing or syringe.,,,Use aseptic technique.,Dispose in sharps container.,Single-use only.,,Needle dislodged: Reinsert or secure better.,Leakage: Replace set.,blood draw,infusion,needle,phlebotomy,
digital_stethoscope,Digital Stethoscope,Diagnostic,Amplifies and records heart and lung sounds digitally.,Turn on and place on chest.,Listen or record sounds.,Transfer data if needed.,,,Clean diaphragm after use.,Avoid submersion in liquid.,Recharge battery.,Update firmware.,No sound: Check battery.,Static: Clean chestpiece.,auscultation,heart,lung,digital,
wound_vac,Negative Pressure Wound Therapy Device,Therapeutic,Applies vacuum pressure to a wound to promote healing.,Place foam dressing into wound.,Seal with adhesive drape.,Connect tubing and start suction.,,,Monitor wound for infection.,Avoid placing foam on exposed organs.,Change canister regularly.,Check for leaks in seal.,Seal leak: Reapply drape.,No suction: Check tubing.,wound,vacuum,healing,pressure,
surgical_suction_device,Yankauer Suction,Surgical,Rigid suction tip for oral or surgical fluid removal.,Attach to suction tubing.,Insert gently into oral cavity.,Activate suction device.,,,Avoid deep insertion.,Monitor for trauma.,Single-use or disinfect tip.,Check for clogs.,No suction: Check tubing.,Clog: Flush or replace.,oral,suction,surgery,fluid,
sterilization_indicator,Autoclave Indicator Strip,Sterilization,Changes color to confirm exposure to sterilization conditions.,Place inside surgical pack.,Run autoclave cycle.,Verify color change.,,,Use correct type for sterilizer.,Do not reuse.,"Store in dry, sealed container.",,No color change: Repeat cycle.,Wrong strip: Use appropriate one.,sterilization,autoclave,surgery,indicator,
nebulizer,Nebulizer,Respiratory,Converts liquid medicine into mist for inhalation therapy.,Add prescribed medication to chamber.,Connect to mask or mouthpiece.,Start compressor and inhale mist.,,,Clean after each use.,Do not share mouthpieces.,Replace tubing monthly.,Clean chamber thoroughly.,No mist: Check compressor or tubing.,Bubbling: Reconnect components securely.,asthma,inhalation,bronchodilator,mist,
ophthalmoscope,Ophthalmoscope,Diagnostic,"Used to examine the interior of the eye, including the retina.",Turn on light source.,Adjust focus and aperture.,Inspect the patient's retina through the pupil.,,,Avoid direct eye contact with bright light for long periods.,Sanitize between patients.,Clean lens and bulb area.,Replace batteries as needed.,Blurry image: Adjust focus.,Light not working: Replace bulb or battery.,eye,vision,retina,examination,
doppler_fetal_monitor,Handheld Fetal Doppler,Diagnostic,Detects fetal heartbeat using ultrasound technology.,Apply gel to abdomen.,Move probe gently to find heartbeat.,Read heart rate on display.,,,Avoid prolonged usage.,Use medical-grade gel.,Clean probe after each use.,Check battery level regularly.,Weak signal: Reposition probe.,No heartbeat detected: Verify gestational age.,fetal,pregnancy,heartbeat,doppler,
vital_signs_monitor,Vital Signs Monitor,Monitoring,"Measures and displays key physiological parameters such as BP, pulse, and SpO2.",Connect sensors to patient.,Turn on monitor.,Observe readings and alarms.,,,Ensure electrodes and cuffs are properly placed.,Respond promptly to alarms.,Calibrate sensors monthly.,Clean after each use.,No reading: Check connections.,Inaccurate data: Recalibrate or replace sensor.,vital signs,bp,spo2,monitor,
tuning_fork,Tuning Fork,Diagnostic,Used in neurological and auditory testing to assess vibration and hearing.,Strike the fork gently.,Place base on bone (for vibration) or near ear (for hearing).,Ask patient to report sensation.,,,Do not hit on hard surfaces.,Avoid prolonged contact with skin.,Wipe clean after use.,Store in a padded case.,Weak vibration: Replace tuning fork.,Misreading: Repeat test.,vibration,neurology,hearing,fork,
digital_weighing_scale,Digital Weighing Scale,Diagnostic,Measures patient body weight electronically.,Place scale on flat surface.,Have patient step on scale.,Read measurement from display.,,,Ensure scale is stable.,Clean footplate after each use.,Check calibration monthly.,Replace batteries.,Inaccurate reading: Calibrate.,No display: Replace battery.,weight,scale,measurement,body,
digital_reflex_hammer,Digital Reflex Hammer,Diagnostic,Electronic hammer used to assess reflex responses.,Select appropriate mode.,Strike target tendon gently.,Observe and record response.,,,Avoid excessive force.,Clean between uses.,Charge battery or replace.,Check for mechanical wear.,No signal: Recharge battery.,Weak vibration: Calibrate device.,reflex,neurology,motor,hammer,
surgical_headlight,LED Surgical Headlight,Surgical,Head-mounted light source for illumination during surgical procedures.,Wear headlight securely.,Adjust beam direction.,Turn on and begin procedure.,,,Avoid shining directly in eyes.,Check battery level before use.,Clean lens and strap.,Recharge or replace battery.,Flickering: Replace light source.,Unstable fit: Adjust headband.,surgery,light,illumination,headlamp,
penlight,Medical Penlight,Diagnostic,"Compact flashlight used to examine pupils, throat, or wounds.",Turn on the light.,Shine into area being examined.,Observe reaction or details.,,,Do not shine directly into eyes for long.,Disinfect before reuse.,Replace battery.,Clean lens regularly.,No light: Replace battery.,Dim beam: Clean lens or change bulb.,penlight,pupil,eye,flashlight,
pulse_dye_laser,Pulsed Dye Laser,Therapeutic,Laser used for treatment of vascular skin lesions.,Select treatment settings.,Position handpiece on lesion.,Deliver pulses with safety goggles on.,,,Use proper eyewear.,Avoid sun exposure post-treatment.,Clean lens.,Replace dye cartridges when depleted.,No beam: Check dye and power.,Overheating: Pause and cool.,laser,vascular,skin,dermatology,
digital_colposcope,Digital Colposcope,Diagnostic,Magnifies and records images of the cervix for cervical screening.,Position patient and adjust scope.,Apply acetic acid to cervix.,Capture images and examine.,,,Sanitize probe head.,Use light intensity cautiously.,Clean optics regularly.,Update software and firmware.,Blurry image: Focus manually.,Low light: Replace bulb.,cervix,pap smear,gynaecology,screening,
portable_ultrasound,Portable Ultrasound,Imaging,Handheld ultrasound device for point-of-care imaging.,Apply gel to the area.,Scan using the handheld probe.,View real-time images on screen.,,,Disinfect probe before and after use.,Do not submerge the device in liquid.,Update software regularly.,Inspect probe for damage.,Poor image quality: Reapply gel.,Device not powering on: Recharge battery.,ultrasound,portable,diagnostic,imaging,
air_displacement_plethysmograph,Bod Pod,Diagnostic,Measures body composition using air displacement.,Instruct patient to wear minimal clothing.,Enter patient into the pod chamber.,Run measurement procedure.,,,Clean chamber between uses.,Ensure patient comfort.,Calibrate weekly.,Clean sensor ports.,Inaccurate readings: Recalibrate.,Door seal leak: Inspect and fix.,body composition,fat,fitness,volume,
laryngoscope,Laryngoscope,Surgical,Used to visualize the vocal cords and facilitate intubation.,Attach blade to handle.,Insert into the mouth gently.,Lift to view vocal cords.,,,Use correct blade size.,Do not force entry.,Disinfect after each use.,Replace bulbs if dim.,Poor lighting: Replace battery or bulb.,Foggy lens: Clean immediately.,intubation,airway,vocal cords,anesthesia,
spirometer,Spirometer,Diagnostic,Measures lung function and airflow.,Instruct patient to inhale and exhale into the device.,Record the volume and rate of airflow.,Repeat as needed.,,,Use disposable mouthpieces.,Avoid contamination.,Calibrate monthly.,Check for sensor blockage.,No airflow detected: Reposition or replace mouthpiece.,Inaccurate values: Recalibrate.,lung,breathing,asthma,copd,
scalp_vein_set,Butterfly Needle,Infusion,Small-winged needle for drawing blood or administering IV fluids.,Insert into vein with wings flat.,Secure wings to skin with tape.,Connect to tubing or syringe.,,,Use aseptic technique.,Dispose in sharps container.,Single-use only.,,Needle dislodged: Reinsert or secure better.,Leakage: Replace set.,blood draw,infusion,needle,phlebotomy,
digital_stethoscope,Digital Stethoscope,Diagnostic,Amplifies and records heart and lung sounds digitally.,Turn on and place on chest.,Listen or record sounds.,Transfer data if needed.,,,Clean diaphragm after use.,Avoid submersion in liquid.,Recharge battery.,Update firmware.,No sound: Check battery.,Static: Clean chestpiece.,auscultation,heart,lung,digital,
wound_vac,Negative Pressure Wound Therapy Device,Therapeutic,Applies vacuum pressure to a wound to promote healing.,Place foam dressing into wound.,Seal with adhesive drape.,Connect tubing and start suction.,,,Monitor wound for infection.,Avoid placing foam on exposed organs.,Change canister regularly.,Check for leaks in seal.,Seal leak: Reapply drape.,No suction: Check tubing.,wound,vacuum,healing,pressure,
surgical_suction_device,Yankauer Suction,Surgical,Rigid suction tip for oral or surgical fluid removal.,Attach to suction tubing.,Insert gently into oral cavity.,Activate suction device.,,,Avoid deep insertion.,Monitor for trauma.,Single-use or disinfect tip.,Check for clogs.,No suction: Check tubing.,Clog: Flush or replace.,oral,suction,surgery,fluid,
sterilization_indicator,Autoclave Indicator Strip,Sterilization,Changes color to confirm exposure to sterilization conditions.,Place inside surgical pack.,Run autoclave cycle.,Verify color change.,,,Use correct type for sterilizer.,Do not reuse.,"Store in dry, sealed container.",,No color change: Repeat cycle.,Wrong strip: Use appropriate one.,sterilization,autoclave,surgery,indicator,
nebulizer,Nebulizer,Respiratory,Converts liquid medicine into mist for inhalation therapy.,Add prescribed medication to chamber.,Connect to mask or mouthpiece.,Start compressor and inhale mist.,,,Clean after each use.,Do not share mouthpieces.,Replace tubing monthly.,Clean chamber thoroughly.,No mist: Check compressor or tubing.,Bubbling: Reconnect components securely.,asthma,inhalation,bronchodilator,mist,
ophthalmoscope,Ophthalmoscope,Diagnostic,"Used to examine the interior of the eye, including the retina.",Turn on light source.,Adjust focus and aperture.,Inspect the patient's retina through the pupil.,,,Avoid direct eye contact with bright light for long periods.,Sanitize between patients.,Clean lens and bulb area.,Replace batteries as needed.,Blurry image: Adjust focus.,Light not working: Replace bulb or battery.,eye,vision,retina,examination,
doppler_fetal_monitor,Handheld Fetal Doppler,Diagnostic,Detects fetal heartbeat using ultrasound technology.,Apply gel to abdomen.,Move probe gently to find heartbeat.,Read heart rate on display.,,,Avoid prolonged usage.,Use medical-grade gel.,Clean probe after each use.,Check battery level regularly.,Weak signal: Reposition probe.,No heartbeat detected: Verify gestational age.,fetal,pregnancy,heartbeat,doppler,
vital_signs_monitor,Vital Signs Monitor,Monitoring,"Measures and displays key physiological parameters such as BP, pulse, and SpO2.",Connect sensors to patient.,Turn on monitor.,Observe readings and alarms.,,,Ensure electrodes and cuffs are properly placed.,Respond promptly to alarms.,Calibrate sensors monthly.,Clean after each use.,No reading: Check connections.,Inaccurate data: Recalibrate or replace sensor.,vital signs,bp,spo2,monitor,
tuning_fork,Tuning Fork,Diagnostic,Used in neurological and auditory testing to assess vibration and hearing.,Strike the fork gently.,Place base on bone (for vibration) or near ear (for hearing).,Ask patient to report sensation.,,,Do not hit on hard surfaces.,Avoid prolonged contact with skin.,Wipe clean after use.,Store in a padded case.,Weak vibration: Replace tuning fork.,Misreading: Repeat test.,vibration,neurology,hearing,fork,
digital_weighing_scale,Digital Weighing Scale,Diagnostic,Measures patient body weight electronically.,Place scale on flat surface.,Have patient step on scale.,Read measurement from display.,,,Ensure scale is stable.,Clean footplate after each use.,Check calibration monthly.,Replace batteries.,Inaccurate reading: Calibrate.,No display: Replace battery.,weight,scale,measurement,body,
digital_reflex_hammer,Digital Reflex Hammer,Diagnostic,Electronic hammer used to assess reflex responses.,Select appropriate mode.,Strike target tendon gently.,Observe and record response.,,,Avoid excessive force.,Clean between uses.,Charge battery or replace.,Check for mechanical wear.,No signal: Recharge battery.,Weak vibration: Calibrate device.,reflex,neurology,motor,hammer,
surgical_headlight,LED Surgical Headlight,Surgical,Head-mounted light source for illumination during surgical procedures.,Wear headlight securely.,Adjust beam direction.,Turn on and begin procedure.,,,Avoid shining directly in eyes.,Check battery level before use.,Clean lens and strap.,Recharge or replace battery.,Flickering: Replace light source.,Unstable fit: Adjust headband.,surgery,light,illumination,headlamp,
penlight,Medical Penlight,Diagnostic,"Compact flashlight used to examine pupils, throat, or wounds.",Turn on the light.,Shine into area being examined.,Observe reaction or details.,,,Do not shine directly into eyes for long.,Disinfect before reuse.,Replace battery.,Clean lens regularly.,No light: Replace battery.,Dim beam: Clean lens or change bulb.,penlight,pupil,eye,flashlight,
pulse_dye_laser,Pulsed Dye Laser,Therapeutic,Laser used for treatment of vascular skin lesions.,Select treatment settings.,Position handpiece on lesion.,Deliver pulses with safety goggles on.,,,Use proper eyewear.,Avoid sun exposure post-treatment.,Clean lens.,Replace dye cartridges when depleted.,No beam: Check dye and power.,Overheating: Pause and cool.,laser,vascular,skin,dermatology,
digital_colposcope,Digital Colposcope,Diagnostic,Magnifies and records images of the cervix for cervical screening.,Position patient and adjust scope.,Apply acetic acid to cervix.,Capture images and examine.,,,Sanitize probe head.,Use light intensity cautiously.,Clean optics regularly.,Update software and firmware.,Blurry image: Focus manually.,Low light: Replace bulb.,cervix,pap smear,gynaecology,screening,
surgical_glue,Surgical Glue,Surgical,Used to close wounds without sutures by bonding skin edges together.,Clean wound area thoroughly.,Apply a thin layer of glue to wound edges.,Hold wound edges together for 30–60 seconds.,,,Do not apply inside wound.,Avoid contact with eyes.,"Store in cool, dry environment.",Seal after each use to prevent drying.,Poor adhesion: Reapply or clean area again.,Skin irritation: Discontinue use.,adhesive,closure,wound,glue,
infant_incubator,Infant Incubator,Neonatal,Provides a controlled environment for premature or ill newborns.,Place infant inside incubator.,Adjust temperature and humidity settings.,Monitor vitals via sensors.,,,Ensure proper ventilation.,Avoid overheating.,Disinfect after each patient.,Calibrate temperature sensors weekly.,Temperature fluctuation: Check settings.,Alarm error: Restart system.,neonatal,premature,infant,warming,
nasogastric_tube,Nasogastric Tube,Therapeutic,Used for feeding or drainage through the nose into the stomach.,Measure appropriate length.,Lubricate and insert through nostril.,Secure and verify placement.,,,Verify placement before use.,Use gentle technique to avoid trauma.,Flush regularly with sterile water.,Replace per protocol (every 7–14 days).,Improper placement: Confirm with X-ray.,Blockage: Flush or replace.,feeding,gastric,tube,enteral,
hearing_aid,Hearing Aid,Assistive,Amplifies sound for individuals with hearing loss.,Insert device into ear canal.,Adjust volume or mode if needed.,Monitor battery or charge level.,,,Avoid moisture exposure.,Do not insert forcefully.,Clean earpiece daily.,Replace batteries weekly.,Distorted sound: Clean microphone.,Dead unit: Replace battery.,hearing,amplifier,assistive,ear,
emergency_crash_cart,Crash Cart,Emergency,A mobile unit containing emergency resuscitation equipment and drugs.,Open cart and access required equipment.,"Use defibrillator, drugs, or airway tools as needed.",Document usage and restock.,,,Keep cart locked and sealed.,Perform daily checks.,Restock after every use.,Check expiry dates monthly.,Missing items: Verify checklist.,Expired medication: Replace immediately.,resuscitation,defibrillator,emergency,drugs,
otoscope,Otoscope,Diagnostic,Used to examine the ear canal and eardrum.,Turn on the light.,Gently pull ear upward and back.,Insert otoscope and inspect ear canal.,,,Use disposable specula.,Insert carefully to avoid trauma.,Clean lens and handle.,Replace batteries or bulbs.,Dim light: Replace bulb.,Obstructed view: Clean lens.,ear,tympanic,inspection,otoscope,
defibrillator_pads,AED Pads,Emergency,Adhesive electrode pads for use with defibrillators.,Expose patient chest.,Apply pads as indicated on diagram.,Connect to AED and follow prompts.,,,Avoid wet skin.,Ensure no contact during shock.,Check expiry date.,Seal properly after packing.,Poor adhesion: Replace pad.,Error message: Reconnect.,aed,shock,pads,electrode,
biopsy_needle,Core Biopsy Needle,Diagnostic,Used to extract tissue samples for histological analysis.,Sterilize area and insert needle.,Trigger spring-loaded mechanism.,Withdraw with tissue sample.,,,Use ultrasound or imaging guidance.,Handle with care to avoid contamination.,Single-use item.,Dispose in sharps container.,Insufficient tissue: Reinsert or reposition.,Clotting: Use anticoagulant flush.,biopsy,needle,tissue,sample,
knee_brace,Orthopedic Knee Brace,Rehabilitative,Supports and stabilizes the knee joint during recovery or strain.,Align brace with knee cap.,Secure straps evenly.,Adjust tightness as needed.,,,Do not over-tighten.,Remove for skin inspection daily.,Wash fabric components regularly.,Check for worn-out Velcro.,Slipping: Refit or tighten.,Discomfort: Reposition brace.,orthopedic,knee,support,rehabilitation,
lead_apron,Lead Apron,Protective,Protects patients and staff from X-ray radiation exposure.,Place over chest and abdomen.,Ensure full coverage.,Secure around neck and waist.,,,Inspect for cracks or tears.,Do not fold sharply.,Store flat or hang properly.,Wipe clean after use.,Radiation leak: Replace damaged apron.,Improper storage: Causes creases or tears.,radiation,x-ray,protective,apron,
